{
  "posts": [
    {
      "id": "1",
      "title": "a title",
      "views": 100
    },
    {
      "id": "2",
      "title": "another title",
      "views": 200
    },
    {
      "id": "3",
      "title": "another title",
      "views": 200
    }
  ],
  "Today-Product": [
    {
      "img": "https://hc01.chonweb.vn/halink-content/uploads/D3tu71685952108.jpg",
      "name": "Xương Gặm Bàn Chải Cho Chó",
      "price": "8.500 vnđ",
      "id": "8f3d"
    },
    {
      "img": "https://hc01.chonweb.vn/halink-content/uploads/pyAch1684469254.jpg",
      "name": "Giá đỡ điện thoại treo tường",
      "price": "11.500 vnđ",
      "id": "bf4a"
    },
    {
      "img": "https://hc01.chonweb.vn/halink-content/uploads/S022h1685951799.jpg",
      "name": "Túi màng bọc thực phẩm co giãn",
      "price": "8.500 vnđ",
      "id": "3445"
    },
    {
      "img": "https://hc01.chonweb.vn/halink-content/uploads/flrRH1685951596.jpg",
      "name": "Máy phun sương mini kèm sạc",
      "price": "52.000 vnđ",
      "id": "a1de"
    },
    {
      "img": "https://hc01.chonweb.vn/halink-content/uploads/W9e9C1685949046.jpg",
      "name": "Máy bay trực thăng mini đồ chơi",
      "price": "36.000 vnđ",
      "id": "5d6c"
    },
    {
      "img": "https://hc01.chonweb.vn/halink-content/uploads/4UbC31684463866.jpg",
      "name": "Áo thun nam MLB cao cấp",
      "price": "570.000 vnđ",
      "id": "dd99"
    },
    {
      "img": "https://hc01.chonweb.vn/halink-content/uploads/TgXhA1685948839.jpg",
      "name": "Mô hình Naruto",
      "price": "1.500.000 vnđ",
      "id": "cfe8"
    },
    {
      "img": "https://hc01.chonweb.vn/halink-content/uploads/f0cJs1685937313.jpg",
      "name": "Ví dài tay",
      "price": "23.000 vnđ",
      "id": "45e7"
    },
    {
      "img": "https://hc01.chonweb.vn/halink-content/uploads/DkfCd1685937050.jpg",
      "name": "Ví nữ cầm tay ngắn",
      "price": "75.000 vnđ",
      "id": "e8b2"
    },
    {
      "img": "https://hc01.chonweb.vn/halink-content/uploads/3rkLW1685936623.jpg",
      "name": "Giầy thể thao nam nữ",
      "price": "300.000 vnđ",
      "id": "f0d4"
    },
    {
      "img": "https://hc01.chonweb.vn/halink-content/uploads/l5Qcv1685931805.jpg",
      "name": "Chuột gaming",
      "price": "450.000 vnđ",
      "id": "e3c9"
    },
    {
      "img": "https://hc01.chonweb.vn/halink-content/uploads/Al4S11684469512.jpg",
      "name": "Bàn học gấp gọn",
      "price": "500.000 vnđ",
      "id": "6835"
    },
    {
      "img": "https://hc01.chonweb.vn/halink-content/uploads/VkOKg1685931300.jpg",
      "name": "Loa bluetooth",
      "price": "450.000 vnđ",
      "id": "64e8"
    },
    {
      "img": "https://hc01.chonweb.vn/halink-content/uploads/JTvNX1685930800.jpg",
      "name": "Đồ chơi Mamimami",
      "price": "43.000 vnđ",
      "id": "23bf"
    },
    {
      "img": "https://hc01.chonweb.vn/halink-content/uploads/Dspr91685930294.jpg",
      "name": "Thảm nhạc cho bé",
      "price": "67.000 vnđ",
      "id": "670a"
    },
    {
      "img": "https://hc01.chonweb.vn/halink-content/uploads/qYgXH1685698140.jpg",
      "name": "Áo dài tay body",
      "price": "234.000 vnđ",
      "id": "9705"
    },
    {
      "img": "https://hc01.chonweb.vn/halink-content/uploads/eLigs1685697895.jpg",
      "name": "Băng cổ tay",
      "price": "23.000 vnđ",
      "id": "a2c8"
    },
    {
      "img": "https://hc01.chonweb.vn/halink-content/uploads/JLR4Z1684470668.jpg",
      "name": "Đồng hồ đeo tay",
      "price": "250.000 vnđ",
      "id": "c372"
    },
    {
      "img": "https://hc01.chonweb.vn/halink-content/uploads/56yBu1685696481.jpg",
      "name": "Set đồ cho bé",
      "price": "250.000 vnđ",
      "id": "41ad"
    },
    {
      "img": "https://hc01.chonweb.vn/halink-content/uploads/APo2z1685696244.jpg",
      "name": "Dép Sadal nam",
      "price": "80.000 vnđ",
      "id": "c90b"
    },
    {
      "img": "https://hc01.chonweb.vn/halink-content/uploads/3bCj31684472724.jpg",
      "name": "Đồ ngủ cho nữ",
      "price": "65.000 vnđ",
      "id": "059a"
    },
    {
      "img": "https://hc01.chonweb.vn/halink-content/uploads/3ug6o1684471927.jpg",
      "name": "Sạc dự phòng",
      "price": "150.000 vnđ",
      "id": "a8a3"
    },
    {
      "img": "https://hc01.chonweb.vn/halink-content/uploads/8a7bc1684471576.jpg",
      "name": "Áo choàng ngủ",
      "price": "60.000 vnđ",
      "id": "21f2"
    },
    {
      "img": "https://hc01.chonweb.vn/halink-content/uploads/ARb8K1684469984.jpg",
      "name": "Nước hoa",
      "price": "340.000 vnđ",
      "id": "3c52"
    }
  ],
  "Product": [
    {
      "id": "1",
      "name": "Ô mô",
      "price": 100,
      "views": 500,
      "DateCreated": "2015-03-12"
    },
    {
      "id": "2",
      "name": "Xà bông",
      "price": 100,
      "views": 200,
      "DateCreated": "2016-05-20"
    },
    {
      "id": "3",
      "name": "Chén đĩa",
      "price": 50,
      "views": 350,
      "DateCreated": "2017-08-10"
    },
    {
      "id": "4",
      "name": "Bàn ghế",
      "price": 500,
      "views": 1000,
      "DateCreated": "2018-11-15"
    },
    {
      "id": "5",
      "name": "Đèn trang trí",
      "price": 80,
      "views": 800,
      "DateCreated": "2019-02-25"
    },
    {
      "id": "6",
      "name": "Gối tựa",
      "price": 30,
      "views": 150,
      "DateCreated": "2020-04-05"
    },
    {
      "id": "7",
      "name": "Túi sách",
      "price": 120,
      "views": 450,
      "DateCreated": "2021-07-30"
    },
    {
      "id": "8",
      "name": "Áo khoác",
      "price": 150,
      "views": 700,
      "DateCreated": "2022-09-18"
    },
    {
      "id": "9",
      "name": "Giày thể thao",
      "price": 200,
      "views": 900,
      "DateCreated": "2023-11-01"
    },
    {
      "id": "10",
      "name": "Quần jean",
      "price": 80,
      "views": 600,
      "DateCreated": "2024-01-20"
    },
    {
      "id": "11",
      "name": "Bình hoa",
      "price": 40,
      "views": 300,
      "DateCreated": "2025-03-08"
    },
    {
      "id": "12",
      "name": "Balo du lịch",
      "price": 180,
      "views": 750,
      "DateCreated": "2026-06-15"
    },
    {
      "id": "13",
      "name": "Kính râm",
      "price": 60,
      "views": 400,
      "DateCreated": "2027-09-22"
    },
    {
      "id": "14",
      "name": "Nồi cơm điện",
      "price": 300,
      "views": 1200,
      "DateCreated": "2028-12-10"
    },
    {
      "id": "15",
      "name": "Máy sấy tóc",
      "price": 70,
      "views": 550,
      "DateCreated": "2029-02-28"
    },
    {
      "id": "16",
      "name": "Điện thoại di động",
      "price": 600,
      "views": 1500,
      "DateCreated": "2030-05-17"
    },
    {
      "id": "17",
      "name": "Máy tính xách tay",
      "price": 900,
      "views": 1800,
      "DateCreated": "2031-08-25"
    },
    {
      "id": "18",
      "name": "Ổ cắm điện thông minh",
      "price": 20,
      "views": 200,
      "DateCreated": "2032-11-12"
    },
    {
      "id": "19",
      "name": "Cốc sứ trắng",
      "price": 10,
      "views": 100,
      "DateCreated": "2033-01-30"
    },
    {
      "id": "20",
      "name": "Bộ dụng cụ làm bánh",
      "price": 250,
      "views": 1000,
      "DateCreated": "2034-04-18"
    }
  ],
  "comments": [
    {
      "id": "1",
      "text": "a comment about post 1",
      "postId": "1"
    },
    {
      "id": "2",
      "text": "another comment about post 1",
      "postId": "1"
    },
    {
      "id": "1634",
      "postId": "3"
    },
    {
      "id": "a2e6",
      "text": "",
      "postId": "3"
    },
    {
      "id": "5ce5",
      "text": "",
      "postId": "3"
    },
    {
      "id": "7639",
      "text": "",
      "postId": "3"
    },
    {
      "id": "930e",
      "text": "",
      "postId": "3"
    },
    {
      "id": "3d8e",
      "text": "",
      "postId": "3"
    },
    {
      "id": "f564",
      "text": "",
      "postId": "3"
    },
    {
      "id": "9e2b",
      "text": "",
      "postId": "3"
    },
    {
      "id": "38ac",
      "text": "",
      "postId": "3"
    },
    {
      "id": "8c08",
      "text": "",
      "postId": "3"
    },
    {
      "id": "f0d2",
      "text": "",
      "postId": "3"
    },
    {
      "id": "3e47",
      "postId": "3"
    },
    {
      "id": "37a5",
      "text": "",
      "postId": "3"
    },
    {
      "id": "ea6a",
      "text": "",
      "postId": "3"
    },
    {
      "id": "a86e",
      "text": "",
      "postId": "3"
    },
    {
      "id": "7e0f",
      "text": "",
      "postId": "3"
    },
    {
      "id": "c73a",
      "text": "",
      "postId": "3"
    },
    {
      "id": "8dec",
      "postId": "2"
    },
    {
      "id": "52aa",
      "text": "",
      "postId": "2"
    },
    {
      "id": "b63e",
      "text": "",
      "postId": "2"
    },
    {
      "id": "3174",
      "text": "",
      "postId": "2"
    },
    {
      "id": "6d0f",
      "text": "",
      "postId": "2"
    },
    {
      "id": "aa51",
      "text": "",
      "postId": "2"
    },
    {
      "id": "8c08",
      "text": "",
      "postId": "2"
    },
    {
      "id": "2c97",
      "text": "",
      "postId": "2"
    },
    {
      "id": "931b",
      "text": "",
      "postId": "2"
    },
    {
      "id": "637b",
      "text": "",
      "postId": "2"
    },
    {
      "id": "b9b6",
      "text": "",
      "postId": "2"
    },
    {
      "id": "f4eb",
      "text": "",
      "postId": "2"
    },
    {
      "id": "46eb",
      "text": "",
      "postId": "2"
    },
    {
      "id": "736d",
      "text": "",
      "postId": "2"
    },
    {
      "id": "a1d6",
      "text": "",
      "postId": "2"
    },
    {
      "id": "feb3",
      "text": "",
      "postId": "2"
    },
    {
      "id": "824c",
      "text": "",
      "postId": "2"
    },
    {
      "id": "d229",
      "text": "",
      "postId": "2"
    },
    {
      "id": "e56a",
      "text": "",
      "postId": "2"
    },
    {
      "id": "f47b",
      "postId": "2"
    },
    {
      "id": "1399",
      "text": "",
      "postId": "2"
    },
    {
      "id": "79ad",
      "postId": "3"
    },
    {
      "id": "ff01",
      "postId": "3"
    },
    {
      "id": "6e3e",
      "postId": "3"
    }
  ],
  "profile": {
    "name": "typicode"
  },
  "products-table": [
    {
      "name": "Thời trang nam",
      "img": "https://hc01.chonweb.vn/halink-content/uploads/fG1Dm1684395244.png",
      "id": "5df2"
    },
    {
      "name": "Thời trang trẻ em",
      "img": "https://hc01.chonweb.vn/halink-content/uploads/iGLby1684395741.png",
      "id": "85fd"
    },
    {
      "name": "Dụng cụ & Thiết bị",
      "img": "https://hc01.chonweb.vn/halink-content/uploads/EhfCE1684395819.png",
      "id": "79eb"
    },
    {
      "name": "Bách hoá online",
      "img": "https://hc01.chonweb.vn/halink-content/uploads/wemWV1684395653.png",
      "id": "ed4d"
    },
    {
      "name": "Voucher & Dịch vụ",
      "img": "https://hc01.chonweb.vn/halink-content/uploads/To1ID1684395828.png",
      "id": "54fc"
    },
    {
      "name": "Giặt giũ & Chăm sóc da",
      "img": "https://hc01.chonweb.vn/halink-content/uploads/DS08i1684395780.png",
      "id": "bd23"
    },
    {
      "name": "Balo & Túi ví nam",
      "img": "https://hc01.chonweb.vn/halink-content/uploads/47gEn1684395720.png",
      "id": "32fa"
    },
    {
      "name": "Phụ kiện & Trang sức nữ",
      "img": "https://hc01.chonweb.vn/halink-content/uploads/NwVZv1684395612.png",
      "id": "9ece"
    },
    {
      "name": "Túi ví nữ",
      "img": "https://hc01.chonweb.vn/halink-content/uploads/3ZZCI1684395572.png",
      "id": "32a0"
    },
    {
      "name": "Giầy dép nữ",
      "img": "https://hc01.chonweb.vn/halink-content/uploads/SvGpO1684395537.png",
      "id": "e80a"
    },
    {
      "name": "Sức khoẻ",
      "img": "https://hc01.chonweb.vn/halink-content/uploads/GrfgE1684395503.png",
      "id": "6bf4"
    },
    {
      "name": "Sắc đẹp",
      "img": "https://hc01.chonweb.vn/halink-content/uploads/r6mwV1684395442.png",
      "id": "c5f7"
    },
    {
      "name": "Nhà cửa và đời sống",
      "img": "https://hc01.chonweb.vn/halink-content/uploads/hT95a1684395402.png",
      "id": "160f"
    },
    {
      "name": "Mẹ & Bé",
      "img": "https://hc01.chonweb.vn/halink-content/uploads/0v3lY1684395351.png",
      "id": "93df"
    },
    {
      "name": "Thời trang nữ",
      "img": "https://hc01.chonweb.vn/halink-content/uploads/DDt891684395269.png",
      "id": "115c"
    },
    {
      "name": "Điện thoại & Phụ kiện",
      "img": "https://hc01.chonweb.vn/halink-content/uploads/4GdX91684395317.png",
      "id": "b2cc"
    },
    {
      "name": "Ô tô & Xe máy & Xe đạp",
      "img": "https://hc01.chonweb.vn/halink-content/uploads/vHpk81684395673.png",
      "id": "d226"
    },
    {
      "name": "Thể thao & Du lịch",
      "img": "https://hc01.chonweb.vn/halink-content/uploads/zZoyw1684395631.png",
      "id": "989f"
    },
    {
      "name": "Chăm sóc thú cưng",
      "img": "https://hc01.chonweb.vn/halink-content/uploads/Gs0181684395801.png",
      "id": "12b0"
    },
    {
      "name": "Đồ chơi",
      "img": "https://hc01.chonweb.vn/halink-content/uploads/r38Ac1684395760.png",
      "id": "5d76"
    },
    {
      "name": "Nhà sách online",
      "img": "https://hc01.chonweb.vn/halink-content/uploads/D2Oup1684395699.png",
      "id": "581f"
    },
    {
      "name": "Thiết bị gia dụng",
      "img": "https://hc01.chonweb.vn/halink-content/uploads/hCXV91684395596.png",
      "id": "f469"
    },
    {
      "name": "Dày dép nam",
      "img": "https://hc01.chonweb.vn/halink-content/uploads/hVvyT1684395554.png",
      "id": "d262"
    },
    {
      "name": "Đồng hồ",
      "img": "https://hc01.chonweb.vn/halink-content/uploads/7YiBn1684395520.png",
      "id": "5945"
    },
    {
      "name": "Máy ảnh & Máy quay",
      "img": "https://hc01.chonweb.vn/halink-content/uploads/ma0OI1684395465.png",
      "id": "d23f"
    },
    {
      "name": "Máy tính & Laptop",
      "img": "https://hc01.chonweb.vn/halink-content/uploads/c2L1k1684395420.png",
      "id": "5567"
    },
    {
      "name": "Thiết bị điện tử",
      "img": "https://hc01.chonweb.vn/halink-content/uploads/zLjhA1684395375.png",
      "id": "8511"
    }
  ]
}